trial 00,trial 01,trial 02,trial 03,trial 04,trial 05,trial 06,trial 07,trial 08,trial 09,trial 10,trial 11,trial 12,trial 13,trial 14,trial 15,trial 16,trial 17,trial 18,trial 19,trial 20,trial 21,trial 22,trial 23,trial 24,trial 25,trial 26,trial 27,trial 28,trial 29,trial 30,trial 31,trial 32,trial 33,trial 34,trial 35,trial 36,trial 37,trial 38
122.14242005348206,126.09236693382263,133.99239587783813,137.95073103904724,141.9007499217987,148.4840428829193,162.9674949645996,169.5588698387146,178.77547097206116,197.20876789093018,201.16702699661255,205.1172158718109,218.2838170528412,226.18351483345032,230.13351488113403,236.72511386871338,243.308513879776,256.4752130508423,273.600172996521,289.39989399909973,293.34996700286865,302.5749189853668,307.8416769504547,319.691468000412,324.9581558704376,335.50021386146545,340.76629185676575,344.7163200378418,352.6164219379425,356.5663800239563,363.15792083740234,368.4247078895569,373.6913878917694,381.5912480354309,392.1244430541992,397.39934182167053,407.9328019618988,419.7826929092407,425.05768299102783
122.1507408618927,126.1007809638977,134.0007610321045,137.95900702476501,141.90903997421265,148.492369890213,162.97583985328674,169.5672218799591,178.78384685516357,197.21709203720093,201.17546486854553,205.12538194656372,218.2921199798584,226.19187903404236,230.1418080329895,236.73352003097534,243.31689882278442,256.4834439754486,273.6084690093994,289.408264875412,293.3583619594574,302.58332204818726,307.8500819206238,319.69999599456787,324.96646189689636,335.50799798965454,340.77465891838074,344.724613904953,352.62479186058044,356.5747458934784,363.166384935379,368.43307304382324,373.69968485832214,381.5995318889618,392.1328008174896,397.40774488449097,407.94108295440674,419.79102993011475,425.0659499168396
122.15916299819946,126.10910892486572,134.00911784172058,137.96739387512207,141.9173710346222,148.5006809234619,162.98418593406677,169.57549691200256,178.79216384887695,197.2254660129547,201.18376994132996,205.13373589515686,218.30043697357178,226.20024394989014,230.15034794807434,236.74192094802856,243.32515001296997,256.4917778968811,273.6168279647827,289.41675901412964,293.3666868209839,302.59164786338806,307.85831785202026,319.7081489562988,324.97482204437256,335.5163609981537,340.78315687179565,344.73304891586304,352.63304591178894,356.5831038951874,363.17464685440063,368.4413080215454,373.70793199539185,381.60790491104126,392.14111399650574,397.41608595848083,407.9494409561157,419.79942083358765,425.07432985305786
122.16743183135986,126.11744689941406,134.0174000263214,137.97569298744202,141.92576503753662,148.50903582572937,162.99248600006104,169.58384895324707,178.80051684379578,197.23373293876648,201.19224405288696,205.14207792282104,218.30878591537476,226.20857691764832,230.1585738658905,236.7502248287201,243.33358693122864,256.5001389980316,273.6251790523529,289.4250519275665,293.3750569820404,302.5999848842621,307.86673498153687,319.716521024704,324.98314690589905,335.5246968269348,340.7914068698883,344.74136996269226,352.64146995544434,356.591295003891,363.18303990364075,368.4497740268707,373.7162208557129,381.61620593070984,392.1494770050049,397.4244680404663,407.9577329158783,419.8078088760376,425.08263182640076
122.17582392692566,126.12581300735474,134.0257489681244,137.98405385017395,141.9340009689331,148.51729583740234,163.0008339881897,169.59216690063477,178.8088538646698,197.2420618534088,201.20041584968567,205.15046095848083,218.3171248435974,226.21690392494202,230.16694903373718,236.75859999656677,243.34184503555298,256.50845289230347,273.6334869861603,289.4333698749542,293.38329887390137,302.60829401016235,307.8749198913574,319.7248258590698,324.99147391319275,335.53304505348206,340.7998089790344,344.74977803230286,352.64977502822876,356.5997359752655,363.1913459300995,368.4580228328705,373.7245919704437,381.6245348453522,392.1577799320221,397.4327838420868,407.96608090400696,419.8160409927368,425.0910019874573
122.18417096138,126.13413786888123,134.03404092788696,137.99241089820862,141.94239902496338,148.5256998538971,163.00914692878723,169.600576877594,178.81720685958862,197.25040483474731,201.2087688446045,205.15865683555603,218.3254039287567,226.22530102729797,230.17532896995544,236.76693081855774,243.3502209186554,256.5167918205261,273.64177894592285,289.441645860672,293.3917329311371,302.6165819168091,307.88341999053955,319.733216047287,324.99981784820557,335.5413730144501,340.80805587768555,344.7581169605255,352.6581048965454,356.60808086395264,363.19970202445984,368.4663679599762,373.732962846756,381.63292598724365,392.16610193252563,397.4411840438843,407.97447299957275,419.82436203956604,425.0993368625641
122.1924798488617,126.14245986938477,134.04242587089539,138.000727891922,141.95074105262756,148.5339548587799,163.01748085021973,169.60886001586914,178.82559084892273,197.25874996185303,201.21702098846436,205.16702795028687,218.3337688446045,226.23360800743103,230.18363189697266,236.77533888816833,243.35849499702454,256.5251188278198,273.65009903907776,289.45005202293396,293.40007996559143,302.62492990493774,307.8915798664093,319.7415919303894,325.00811290740967,335.5502710342407,340.81643295288086,344.76632595062256,352.6663429737091,356.616329908371,363.20799589157104,368.47470688819885,373.7412600517273,381.64126205444336,392.1744158267975,397.449471950531,407.9827678203583,419.8328058719635,425.10770893096924
122.20082402229309,126.15079283714294,134.05070900917053,138.0091109275818,141.9590380191803,148.54235982894897,163.02583599090576,169.61721992492676,178.8338680267334,197.26707696914673,201.22544288635254,205.17537593841553,218.3420729637146,226.24190402030945,230.19192504882812,236.783607006073,243.36696696281433,256.5334749221802,273.6584749221802,289.45838594436646,293.40825605392456,302.63322591781616,307.89991784095764,319.74990797042847,325.0165638923645,335.5580289363861,340.82475900650024,344.774778842926,352.67479395866394,356.62475204467773,363.21639585494995,368.48302483558655,373.7497148513794,381.649582862854,392.18280005455017,397.45778584480286,407.9911069869995,419.8410668373108,425.11610984802246
122.20916891098022,126.15912389755249,134.05910992622375,138.01741099357605,141.96749186515808,148.55072689056396,163.03413200378418,169.6255819797516,178.8421928882599,197.27541399002075,201.2337248325348,205.18367505073547,218.35044288635254,226.25030303001404,230.20032286643982,236.79193592071533,243.37521290779114,256.54178285598755,273.6667790412903,289.4666848182678,293.4166920185089,302.6416800022125,307.9082260131836,319.7581570148468,325.02479791641235,335.56635904312134,340.8331198692322,344.7830889225006,352.68304896354675,356.63303685188293,363.22468996047974,368.4913580417633,373.75795888900757,381.6579170227051,392.1910729408264,397.46612095832825,407.9994070529938,419.8494908809662,425.12432289123535
122.21749687194824,126.16743993759155,134.06740593910217,138.02581095695496,141.97576689720154,148.55904984474182,163.04251790046692,169.6338849067688,178.8505449295044,197.28375792503357,201.24204993247986,205.19207096099854,218.35876989364624,226.2586088180542,230.20862793922424,236.80020689964294,243.38350892066956,256.5501298904419,273.6751708984375,289.47503685951233,293.4249458312988,302.6499879360199,307.9165940284729,319.7665958404541,325.03311800956726,335.5752258300781,340.8414099216461,344.7913558483124,352.6913390159607,356.64136695861816,363.2329030036926,368.4996588230133,373.7665538787842,381.6663498878479,392.1994140148163,397.47451090812683,408.00778102874756,419.8577799797058,425.1326529979706
122.2258198261261,126.17579293251038,134.07575583457947,138.03407096862793,141.9841239452362,148.56732892990112,163.05090594291687,169.6422119140625,178.8588719367981,197.2921290397644,201.2504370212555,205.20037603378296,218.36712384223938,226.26691484451294,230.21695184707642,236.8086040019989,243.39198803901672,256.5585639476776,273.6834590435028,289.48334193229675,293.4332900047302,302.658362865448,307.92487502098083,319.77482986450195,325.0414659976959,335.5830419063568,340.8497648239136,344.79980397224426,352.6998839378357,356.6497688293457,363.2412910461426,368.50794792175293,373.7745988368988,381.67463183403015,392.2077829837799,397.4827878475189,408.01608300209045,419.8660068511963,425.14100193977356
122.23417091369629,126.18413305282593,134.0840768814087,138.04244804382324,141.99243783950806,148.5756950378418,163.05918288230896,169.65056586265564,178.86715388298035,197.30047488212585,201.25873684883118,205.2087869644165,218.3754529953003,226.27522897720337,230.225280046463,236.81687998771667,243.40018796920776,256.5668480396271,273.6917989253998,289.49163603782654,293.4416718482971,302.6666479110718,307.93333888053894,319.78317189216614,325.04988503456116,335.59137892723083,340.85805201530457,344.8081269264221,352.70800495147705,356.65812587738037,363.24962997436523,368.5163588523865,373.78296399116516,381.68291187286377,392.21611404418945,397.49107599258423,408.0245258808136,419.8743748664856,425.1493308544159
122.2424738407135,126.19245600700378,134.09239888191223,138.05077004432678,142.0007848739624,148.5840129852295,163.06753587722778,169.65888500213623,178.87555384635925,197.3087158203125,201.26707983016968,205.2170639038086,218.38379001617432,226.2835669517517,230.23353004455566,236.82520484924316,243.40860104560852,256.57530903816223,273.7001178264618,289.5000510215759,293.4499559402466,302.6750078201294,307.9415729045868,319.79147696495056,325.0581419467926,335.5996890068054,340.86649894714355,344.8163969516754,352.7164340019226,356.6662998199463,363.2579698562622,368.5247218608856,373.7913730144501,381.69118785858154,392.22451186180115,397.4994819164276,408.03277683258057,419.88278102874756,425.15762996673584
122.25082087516785,126.20075798034668,134.10075998306274,138.05910396575928,142.0090148448944,148.59233498573303,163.07589101791382,169.66717982292175,178.88386583328247,197.3170609474182,201.27542686462402,205.2254409790039,218.39211893081665,226.2918679714203,230.2419888973236,236.83356595039368,243.416846036911,256.583438873291,273.70851397514343,289.50837898254395,293.4583878517151,302.6833050251007,307.94990396499634,319.79981994628906,325.0665340423584,335.6080219745636,340.8747549057007,344.8247940540314,352.72478199005127,356.6747510433197,363.26634788513184,368.5329508781433,373.7996070384979,381.6995530128479,392.2327778339386,397.5077669620514,408.04108595848083,419.8910779953003,425.1659939289093
122.25915193557739,126.20914101600647,134.10912203788757,138.06737303733826,142.01740789413452,148.60068583488464,163.0841920375824,169.67554903030396,178.89219784736633,197.32550883293152,201.28378295898438,205.23366284370422,218.40045595169067,226.30043983459473,230.25025701522827,236.84196591377258,243.42522501945496,256.5918369293213,273.71687483787537,289.51670598983765,293.46670389175415,302.6916859149933,307.95827198028564,319.8081748485565,325.0749008655548,335.6163139343262,340.8830888271332,344.8331139087677,352.7330729961395,356.68308186531067,363.2746160030365,368.5414128303528,373.807904958725,381.7079339027405,392.2411539554596,397.51619005203247,408.0493848323822,419.89935088157654,425.17429995536804
122.26749181747437,126.21743988990784,134.1174030303955,138.07575488090515,142.02571082115173,148.60897588729858,163.09250593185425,169.68384790420532,178.9005320072174,197.33374881744385,201.2920479774475,205.2420608997345,218.4087839126587,226.30861902236938,230.25856184959412,236.85015892982483,243.43353390693665,256.60016798973083,273.7250919342041,289.5250449180603,293.4750118255615,302.6998839378357,307.9665780067444,319.81649684906006,325.08320784568787,335.62522983551025,340.89145493507385,344.841383934021,352.7414479255676,356.69148087501526,363.28293085098267,368.5496199131012,373.8162920475006,381.7162868976593,392.249440908432,397.5245590209961,408.0578570365906,419.90775299072266,425.1826798915863
122.27584385871887,126.2257878780365,134.12573289871216,138.08403897285461,142.03406882286072,148.61737084388733,163.10087203979492,169.69221901893616,178.90887999534607,197.342111825943,201.30046701431274,205.25035095214844,218.41719603538513,226.31691002845764,230.2670328617096,236.8585479259491,243.44196701049805,256.6084740161896,273.73351097106934,289.5334060192108,293.4833769798279,302.7082738876343,307.9749128818512,319.8249399662018,325.0915038585663,335.63303899765015,340.8997859954834,344.8497769832611,352.74980998039246,356.6997549533844,363.2913999557495,368.5580348968506,373.82458996772766,381.7246298789978,392.2577979564667,397.5327990055084,408.06605291366577,419.91608786582947,425.1910388469696
122.28416204452515,126.2341148853302,134.134094953537,138.09241390228271,142.0424029827118,148.62565302848816,163.10912084579468,169.70054602622986,178.91724300384521,197.35043692588806,201.30868196487427,205.25873684883118,218.42549300193787,226.32528686523438,230.27536392211914,236.86692595481873,243.45021986961365,256.6168279647827,273.7418189048767,289.5417318344116,293.4917449951172,302.7166130542755,307.98323798179626,319.8331689834595,325.09980392456055,335.64136385917664,340.9081540107727,344.8579819202423,352.75807094573975,356.7081379890442,363.2996389865875,368.5662519931793,373.8330068588257,381.73299384117126,392.2660598754883,397.5410969257355,408.0744118690491,419.9243788719177,425.19936084747314
122.29249501228333,126.24245190620422,134.1423978805542,138.10074496269226,142.05075788497925,148.63403582572937,163.11749792099,169.70887804031372,178.92555284500122,197.35885882377625,201.31705784797668,205.26707291603088,218.43383502960205,226.3335428237915,230.2835729122162,236.87524700164795,243.4586319923401,256.6251699924469,273.7501800060272,289.5500600337982,293.499981880188,302.7249219417572,307.99169182777405,319.84148383140564,325.1082270145416,335.6497449874878,340.91641902923584,344.86646795272827,352.76637291908264,356.71633100509644,363.3080599308014,368.57463788986206,373.8412518501282,381.74126386642456,392.27446389198303,397.54945492744446,408.0828700065613,419.9327459335327,425.207720041275
122.30083084106445,126.25079202651978,134.15078902244568,138.10907983779907,142.05909204483032,148.64231991767883,163.12582182884216,169.71721196174622,178.93388485908508,197.36715698242188,201.32541799545288,205.27546787261963,218.442214012146,226.3419849872589,230.29192900657654,236.88356804847717,243.4669599533081,256.6334869861603,273.7585258483887,289.5583939552307,293.5083930492401,302.7333559989929,307.9999690055847,319.8498589992523,325.1164720058441,335.65804386138916,340.924733877182,344.8747799396515,352.7747850418091,356.72467398643494,363.31639099121094,368.5830090045929,373.8496940135956,381.7496008872986,392.2827408313751,397.5577929019928,408.09108901023865,419.94106888771057,425.2160098552704
122.30916595458984,126.25917601585388,134.15908694267273,138.11741995811462,142.06742000579834,148.65069699287415,163.13420581817627,169.72557997703552,178.94221997261047,197.37551498413086,201.33373999595642,205.28369092941284,218.45050382614136,226.35026383399963,230.30037999153137,236.892009973526,243.47520399093628,256.6418869495392,273.7668309211731,289.5667779445648,293.5165870189667,302.7416789531708,308.00825095176697,319.8581349849701,325.1249580383301,335.6663980484009,340.93312788009644,344.88314485549927,352.7830219268799,356.7331130504608,363.3247940540314,368.59136486053467,373.85792899131775,381.7579200267792,392.29110503196716,397.56611490249634,408.09947991371155,419.9494140148163,425.22435998916626
122.31748986244202,126.26743793487549,134.16743803024292,138.1257519721985,142.075777053833,148.65903997421265,163.1425130367279,169.73393487930298,178.9505579471588,197.38371992111206,201.34213185310364,205.29203581809998,218.45888304710388,226.3585638999939,230.30852890014648,236.9004168510437,243.48370885849,256.6501798629761,273.77521681785583,289.57495284080505,293.52498483657837,302.74992084503174,308.0166218280792,319.8664638996124,325.1331629753113,335.6747319698334,340.94137382507324,344.89145398139954,352.79139494895935,356.74131894111633,363.3330500125885,368.5996458530426,373.8662509918213,381.76632285118103,392.2994740009308,397.5745449066162,408.10778188705444,419.9578289985657,425.2328269481659
122.32582902908325,126.2757568359375,134.17576694488525,138.1340889930725,142.08410096168518,148.6673460006714,163.15086603164673,169.7422070503235,178.95887184143066,197.39216589927673,201.35038805007935,205.30046486854553,218.46717596054077,226.36691689491272,230.3169469833374,236.9086229801178,243.49188494682312,256.65849590301514,273.7835519313812,289.58341002464294,293.5333318710327,302.7582449913025,308.0248999595642,319.874892950058,325.14155888557434,335.6830370426178,340.9496839046478,344.8997869491577,352.79980993270874,356.74974393844604,363.341374874115,368.60805892944336,373.87471103668213,381.77456998825073,392.3077800273895,397.5827488899231,408.1162600517273,419.9660258293152,425.2411708831787
122.33415389060974,126.28412294387817,134.18409299850464,138.1423749923706,142.09241390228271,148.67570900917053,163.15931582450867,169.75057291984558,178.96721005439758,197.40045499801636,201.35867595672607,205.30870389938354,218.4755129814148,226.37529802322388,230.32529187202454,236.91698789596558,243.50021386146545,256.66687083244324,273.79188084602356,289.59181094169617,293.5416669845581,302.766685962677,308.03331089019775,319.8831558227539,325.1498339176178,335.6913368701935,340.9580888748169,344.90811586380005,352.8080508708954,356.75806188583374,363.34967494010925,368.61631298065186,373.88290190696716,381.78289699554443,392.31613397598267,397.59111189842224,408.1244099140167,419.97444105148315,425.24932503700256
122.34249186515808,126.29240202903748,134.19241905212402,138.15077805519104,142.10070705413818,148.68402290344238,163.16750597953796,169.7588460445404,178.97551584243774,197.4087779521942,201.36709189414978,205.31707000732422,218.48384284973145,226.38350892066956,230.33363604545593,236.92518091201782,243.50856494903564,256.6751549243927,273.8001358509064,289.5999970436096,293.5500178337097,302.77487993240356,308.041601896286,319.89150500297546,325.15820598602295,335.70025300979614,340.9663848876953,344.9164559841156,352.81636691093445,356.7664039134979,363.35791182518005,368.62464690208435,373.891343832016,381.79129004478455,392.32446002960205,397.59941387176514,408.13277983665466,419.9828369617462,425.25780487060547
122.3507809638977,126.30079197883606,134.20073294639587,138.1590359210968,142.10905599594116,148.69245982170105,163.17588305473328,169.76723098754883,178.98388695716858,197.41706085205078,201.37542390823364,205.32534790039062,218.49215698242188,226.39194703102112,230.34195399284363,236.93363404273987,243.51698088645935,256.68349504470825,273.80853605270386,289.60840797424316,293.55831503868103,302.7833180427551,308.0500349998474,319.8999078273773,325.1665530204773,335.7080109119415,340.9747579097748,344.924831867218,352.8248028755188,356.7746949195862,363.3662819862366,368.6331169605255,373.8995909690857,381.7996609210968,392.3334059715271,397.607794046402,408.14106583595276,419.9910669326782,425.266047000885
122.35918688774109,126.30911803245544,134.2090940475464,138.1674098968506,142.11736583709717,148.70072293281555,163.1841778755188,169.7755298614502,178.99225783348083,197.4254310131073,201.38380098342896,205.33370184898376,218.50050902366638,226.4002959728241,230.35034894943237,236.9419069290161,243.5251920223236,256.69176483154297,273.8168499469757,289.6167390346527,293.56668400764465,302.79164385795593,308.0582399368286,319.9082279205322,325.1749119758606,335.7163770198822,340.98308801651,344.93311285972595,352.8329908847809,356.78311586380005,363.3747470378876,368.6414179801941,373.90801095962524,381.8079569339752,392.3411009311676,397.61612582206726,408.14949202537537,419.9994490146637,425.274365901947
122.3676118850708,126.31744194030762,134.2173948287964,138.17571187019348,142.1257529258728,148.70905303955078,163.1925048828125,169.7838728427887,179.00055193901062,197.4337658882141,201.39207196235657,205.34204483032227,218.50884199142456,226.40857005119324,230.35856294631958,236.95025396347046,243.53361201286316,256.70022797584534,273.8251578807831,289.6250379085541,293.57508397102356,302.7999269962311,308.0665729045868,319.9165029525757,325.18321895599365,335.724720954895,340.99142694473267,344.94147205352783,352.8413848876953,356.79136991500854,363.38304901123047,368.64964604377747,373.916296005249,381.8162829875946,392.34943890571594,397.62446784973145,408.1578209400177,420.00775504112244,425.28264594078064
122.37582683563232,126.32579302787781,134.22576999664307,138.1840808391571,142.1341118812561,148.71733498573303,163.20081782341003,169.7921679019928,179.00891089439392,197.44208192825317,201.40035605430603,205.3503749370575,218.5171959400177,226.4169099330902,230.36699986457825,236.95855903625488,243.54196286201477,256.70842695236206,273.833487033844,289.6333718299866,293.5834228992462,302.8084399700165,308.0749099254608,319.9249119758606,325.19143199920654,335.7330379486084,340.99983382225037,344.94968700408936,352.8497200012207,356.79977583885193,363.3914198875427,368.6579899787903,373.9246139526367,381.8246109485626,392.3577489852905,397.63282203674316,408.1660850048065,420.0160849094391,425.2911288738251
122.3842568397522,126.33411598205566,134.23404002189636,138.19241189956665,142.14240884780884,148.72570395469666,163.20920491218567,169.80054688453674,179.017245054245,197.4505958557129,201.40879702568054,205.3587248325348,218.52546882629395,226.42526197433472,230.37538695335388,236.96698093414307,243.55021691322327,256.7168810367584,273.8418378829956,289.64177989959717,293.5916168689728,302.8166618347168,308.08325386047363,319.9331889152527,325.19988799095154,335.7414128780365,341.00809693336487,344.9581198692322,352.8580198287964,356.8081040382385,363.3996629714966,368.6663658618927,373.9330110549927,381.83298087120056,392.36611104011536,397.64107298851013,408.17441487312317,420.02444887161255,425.2993378639221
122.3924880027771,126.34243583679199,134.24242687225342,138.200767993927,142.15073800086975,148.7340018749237,163.2174789905548,169.80886387825012,179.02562189102173,197.45874691009521,201.41701984405518,205.3670859336853,218.5338649749756,226.4335389137268,230.38358402252197,236.97523403167725,243.55854988098145,256.72523188591003,273.85010600090027,289.6500108242035,293.59999084472656,302.8249878883362,308.09163904190063,319.9415109157562,325.2081079483032,335.7497489452362,341.01639103889465,344.96642303466797,352.86632800102234,356.81639885902405,363.40804505348206,368.6747019290924,373.9412839412689,381.84126687049866,392.3744218349457,397.6494388580322,408.18283700942993,420.0327639579773,425.3077609539032
122.40086698532104,126.35079097747803,134.2507679462433,138.20913887023926,142.15906190872192,148.74235486984253,163.22587299346924,169.81721591949463,179.03388786315918,197.46706986427307,201.42548203468323,205.37546801567078,218.54224491119385,226.4419448375702,230.39193296432495,236.98355388641357,243.56699395179749,256.7334358692169,273.8585510253906,289.65837693214417,293.60835099220276,302.8332619667053,308.0999038219452,319.94991183280945,325.21653294563293,335.7585799694061,341.0246949195862,344.97481298446655,352.8747420310974,356.82475304603577,363.4163739681244,368.68297004699707,373.9496970176697,381.849720954895,392.3827610015869,397.65779089927673,408.19109201431274,420.0410180091858,425.3159899711609
122.40916895866394,126.35912084579468,134.25908994674683,138.21741795539856,142.16751790046692,148.75070691108704,163.23421096801758,169.82554388046265,179.0422248840332,197.47548294067383,201.4337739944458,205.38371896743774,218.55052399635315,226.45021295547485,230.400230884552,236.99212503433228,243.57524490356445,256.74181389808655,273.86687302589417,289.66668486595154,293.6166558265686,302.84167098999023,308.1082890033722,319.95821499824524,325.22483801841736,335.76636600494385,341.0330798625946,344.9831500053406,352.88303685188293,356.83310103416443,363.42479395866394,368.6913528442383,373.95794701576233,381.8579189777374,392.3911168575287,397.6661310195923,408.1994080543518,420.0494339466095,425.32435488700867
122.41749095916748,126.36740493774414,134.2674298286438,138.22576093673706,142.17574000358582,148.75902390480042,163.24252200126648,169.83388495445251,179.05049800872803,197.48377394676208,201.44211101531982,205.39203000068665,218.5588779449463,226.45858192443848,230.40865683555603,237.00018191337585,243.5836148262024,256.7502429485321,273.8751928806305,289.6749520301819,293.6250150203705,302.84991788864136,308.1167118549347,319.9665479660034,325.23313093185425,335.7747058868408,341.0413520336151,344.9914870262146,352.891343832016,356.84133291244507,363.43296790122986,368.69961190223694,373.96632194519043,381.86622881889343,392.3994400501251,397.67452788352966,408.2079749107361,420.05779099464417,425.33276295661926
122.42579984664917,126.37578988075256,134.27577590942383,138.23403096199036,142.18410897254944,148.76734900474548,163.25086784362793,169.84221696853638,179.05888605117798,197.49210596084595,201.45049595832825,205.4003448486328,218.56726384162903,226.46689581871033,230.41691398620605,237.00860404968262,243.59198689460754,256.7584939002991,273.88347697257996,289.6833498477936,293.63329100608826,302.8583788871765,308.1249349117279,319.974928855896,325.24158096313477,335.7830090522766,341.049751996994,344.9998438358307,352.89979100227356,356.8496928215027,363.4413878917694,368.708123922348,373.97464084625244,381.874675989151,392.4078760147095,397.6827988624573,408.21608781814575,420.06605291366577,425.34106397628784
122.43417882919312,126.38408994674683,134.2840929031372,138.24240803718567,142.19239902496338,148.77570104599,163.25920987129211,169.85050082206726,179.06715989112854,197.50044083595276,201.4587688446045,205.40869998931885,218.57553482055664,226.47525882720947,230.42528986930847,237.01693201065063,243.60017085075378,256.76682901382446,273.8918719291687,289.69172191619873,293.64171981811523,302.86658000946045,308.1332528591156,319.98312187194824,325.24981594085693,335.79137992858887,341.05808687210083,345.0081310272217,352.90811800956726,356.85814905166626,363.44961190223694,368.7163610458374,373.9830298423767,381.88292384147644,392.4161150455475,397.6910710334778,408.22442984580994,420.0745668411255,425.3493649959564
122.44243383407593,126.39243984222412,134.29238390922546,138.25071692466736,142.20074582099915,148.784019947052,163.26773190498352,169.85888195037842,179.07554984092712,197.5087649822235,201.46706104278564,205.41697597503662,218.58385491371155,226.48354482650757,230.4336838722229,237.0252058506012,243.6086049079895,256.77522587776184,273.9001729488373,289.7000529766083,293.65009903907776,302.87503385543823,308.1416938304901,319.9915988445282,325.2581698894501,335.7997360229492,341.06641387939453,345.01651191711426,352.9164798259735,356.8663139343262,363.4579818248749,368.72479581832886,373.99123883247375,381.8912069797516,392.4244439601898,397.69946694374084,408.23275089263916,420.082731962204,425.3576419353485
122.45082092285156,126.4008150100708,134.3007619380951,138.2590708732605,142.20903897285461,148.7923150062561,163.2758719921112,169.86718082427979,179.08388805389404,197.5170669555664,201.47536301612854,205.42533802986145,218.59218382835388,226.49196791648865,230.44194388389587,237.03351593017578,243.61683201789856,256.7834270000458,273.9085068702698,289.7083749771118,293.6583149433136,302.8832428455353,308.14993500709534,319.99988889694214,325.2664568424225,335.8080749511719,341.0747239589691,345.0247139930725,352.9247980117798,356.8747398853302,363.4663679599762,368.73304986953735,373.99971103668213,381.8996388912201,392.43278098106384,397.7077920436859,408.24108386039734,420.09104895591736,425.36616802215576
122.45926403999329,126.40912294387817,134.30908799171448,138.26744985580444,142.21741700172424,148.80069398880005,163.2841968536377,169.87557983398438,179.092218875885,197.52550387382507,201.48373699188232,205.43375182151794,218.60052704811096,226.50025701522827,230.45027685165405,237.04191398620605,243.62520503997803,256.7918150424957,273.91689586639404,289.716717004776,293.6666519641876,302.89161682128906,308.15828800201416,320.008229970932,325.2749128341675,335.81636595726013,341.0830910205841,345.033164024353,352.9330139160156,356.8831310272217,363.4746479988098,368.7413020133972,374.0079388618469,381.9079120159149,392.4411120414734,397.7162070274353,408.2493808269501,420.09937286376953,425.3743510246277
122.46749496459961,126.41745185852051,134.3174238204956,138.2757589817047,142.22572684288025,148.80898690223694,163.2925000190735,169.88385105133057,179.1005518436432,197.5337529182434,201.4920518398285,205.44205498695374,218.60888600349426,226.50868201255798,230.45859694480896,237.05026292800903,243.6335289478302,256.8001139163971,273.9250919818878,289.7250380516052,293.67508602142334,302.89994287490845,308.16657304763794,320.016587972641,325.28310799598694,335.8252308368683,341.091490983963,345.0413398742676,352.94132590293884,356.89136695861816,363.48313784599304,368.74966382980347,374.016254901886,381.9162669181824,392.44941091537476,397.7245440483093,408.2578399181366,420.10783886909485,425.3827118873596
122.47581791877747,126.42580604553223,134.3257348537445,138.28410983085632,142.2340829372406,148.81734895706177,163.3008759021759,169.89219784736633,179.10888695716858,197.54206800460815,201.50041604042053,205.45034503936768,218.61716985702515,226.51693081855774,230.46698594093323,237.05856084823608,243.64198684692383,256.80845499038696,273.9335629940033,289.73348593711853,293.68339800834656,302.90834283828735,308.1749269962311,320.0249869823456,325.2915749549866,335.833034992218,341.0997169017792,345.0497348308563,352.9497649669647,356.8998439311981,363.491397857666,368.75802183151245,374.02469301223755,381.9246938228607,392.45777702331543,397.7327950000763,408.26608896255493,420.1160879135132,425.3911738395691
122.48416900634766,126.43413186073303,134.33415603637695,138.29242587089539,142.24240684509277,148.82566905021667,163.30915784835815,169.90054893493652,179.11723589897156,197.55050587654114,201.50879383087158,205.45868182182312,218.62556886672974,226.525221824646,230.47527194023132,237.06696891784668,243.6502389907837,256.8168399333954,273.94186782836914,289.7418038845062,293.69165802001953,302.9166350364685,308.18321800231934,320.03336000442505,325.29987692832947,335.84136986732483,341.1081688404083,345.05809783935547,352.9579749107361,356.90814304351807,363.4997169971466,368.7663400173187,374.0329270362854,381.93291091918945,392.466068983078,397.74110293388367,408.27441000938416,420.1243488788605,425.3993308544159
122.49248003959656,126.44246482849121,134.34242296218872,138.30075001716614,142.25077295303345,148.8340368270874,163.31753087043762,169.90886688232422,179.12554693222046,197.55875396728516,201.5170910358429,205.46702885627747,218.6339168548584,226.53363704681396,230.4836070537567,237.07521295547485,243.65853190422058,256.8251450061798,273.95021390914917,289.7500648498535,293.7000398635864,302.92502999305725,308.19158387184143,320.04149985313416,325.3082549571991,335.84975385665894,341.1163709163666,345.06640100479126,352.9664239883423,356.9164378643036,363.50805401802063,368.7746260166168,374.04132890701294,381.94123888015747,392.4744448661804,397.74948287010193,408.2827868461609,420.1327838897705,425.40782403945923
122.50084400177002,126.45081090927124,134.3507969379425,138.30906796455383,142.25905203819275,148.8423638343811,163.32590103149414,169.91720604896545,179.1338849067688,197.56703305244446,201.52542781829834,205.4754409790039,218.64222383499146,226.54189896583557,230.49190998077393,237.08369898796082,243.66687297821045,256.833459854126,273.95859599113464,289.7582948207855,293.70841002464294,302.9333510398865,308.199875831604,320.0499279499054,325.31648683547974,335.85803604125977,341.12473487854004,345.0748028755188,352.97478795051575,356.9248049259186,363.5165100097656,368.78302001953125,374.04960584640503,381.94964504241943,392.4828128814697,397.7578020095825,408.2910919189453,420.1410460472107,425.4160318374634
122.50916194915771,126.45909285545349,134.3591330051422,138.31743001937866,142.26740288734436,148.85072684288025,163.3342068195343,169.92553687095642,179.14215683937073,197.57548999786377,201.53383493423462,205.48387598991394,218.6506290435791,226.55027294158936,230.50040483474731,237.09195685386658,243.67524194717407,256.8418288230896,273.96692991256714,289.76675486564636,293.7166659832001,302.9416139125824,308.2082459926605,320.05820083618164,325.32485699653625,335.86637592315674,341.13306403160095,345.083135843277,352.9830858707428,356.9330749511719,363.52479791641235,368.7913589477539,374.0579810142517,381.9579379558563,392.49114203453064,397.7660608291626,408.2994899749756,420.14935302734375,425.4243619441986
122.5174629688263,126.46745896339417,134.36742091178894,138.3257520198822,142.27577686309814,148.85902404785156,163.34254097938538,169.93402099609375,179.150545835495,197.5837049484253,201.5420320034027,205.4920139312744,218.6589000225067,226.55857396125793,230.5085530281067,237.10025000572205,243.6835298538208,256.85040497779846,273.9752550125122,289.7750289440155,293.72498893737793,302.9500079154968,308.2166578769684,320.06654381752014,325.33317399024963,335.874657869339,341.14136600494385,345.091374874115,352.9914360046387,356.9413139820099,363.53305888175964,368.79970693588257,374.0662188529968,381.9662048816681,392.4995460510254,397.77457904815674,408.30784797668457,420.15784192085266,425.4326629638672
122.5258219242096,126.4757559299469,134.37581491470337,138.3340768814087,142.284010887146,148.8673539161682,163.35087394714355,169.9421968460083,179.15887093544006,197.59215188026428,201.5504150390625,205.50045490264893,218.66720390319824,226.5669138431549,230.51694703102112,237.1085729598999,243.69185400009155,256.85846185684204,273.9835648536682,289.7833950519562,293.7333028316498,302.958233833313,308.22490787506104,320.07490587234497,325.3415060043335,335.8830349445343,341.1497528553009,345.09981989860535,352.9996898174286,356.94980001449585,363.54137682914734,368.8080379962921,374.07459688186646,381.97469186782837,392.5077919960022,397.7827558517456,408.3161778450012,420.16605401039124,425.44102001190186
122.53413891792297,126.48411583900452,134.38404297828674,138.3423728942871,142.29241394996643,148.8756959438324,163.35935592651367,169.95055294036865,179.16721296310425,197.60053300857544,201.5587968826294,205.50865483283997,218.67556190490723,226.5753128528595,230.52527594566345,237.11696696281433,243.70022583007812,256.8668739795685,273.9918749332428,289.79175305366516,293.7417140007019,302.9666328430176,308.23328399658203,320.0831949710846,325.34983491897583,335.89135694503784,341.15815687179565,345.1081440448761,353.0081629753113,356.9580969810486,363.5497958660126,368.81635785102844,374.08291888237,381.98287081718445,392.51622796058655,397.79112005233765,408.3244080543518,420.1744408607483,425.4493749141693
122.54250502586365,126.49244785308838,134.39239287376404,138.35075688362122,142.30070805549622,148.88395500183105,163.36755394935608,169.95887088775635,179.17557501792908,197.60876297950745,201.56702589988708,205.5170350074768,218.6838538646698,226.58356094360352,230.53358602523804,237.1251938343048,243.70856595039368,256.87520003318787,274.0002088546753,289.8000829219818,293.750097990036,302.9748978614807,308.24165987968445,320.09152698516846,325.3581688404083,335.90025091171265,341.16640305519104,345.1163909435272,353.0164740085602,356.9663529396057,363.5579659938812,368.8247058391571,374.091295003891,381.99120903015137,392.5244688987732,397.7994828224182,408.33277583122253,420.18272495269775,425.4578368663788
122.55081582069397,126.50081086158752,134.4007248878479,138.35903692245483,142.30905485153198,148.89233994483948,163.37589287757874,169.96720099449158,179.18388485908508,197.6170859336853,201.57538604736328,205.5253460407257,218.69215202331543,226.59196591377258,230.54203295707703,237.13354897499084,243.71696591377258,256.8834550380707,274.00861501693726,289.80840396881104,293.75831294059753,302.9833400249481,308.2501058578491,320.09984397888184,325.36649799346924,335.90801787376404,341.17471194267273,345.12472581863403,353.0247938632965,356.9747579097748,363.5663528442383,368.8329439163208,374.09970903396606,381.99957394599915,392.5328040122986,397.80779004096985,408.3410909175873,420.19102787971497,425.46615290641785
122.55917000770569,126.50915193557739,134.4090769290924,138.36741495132446,142.31736588478088,148.9006209373474,163.38416504859924,169.97549605369568,179.19225096702576,197.625412940979,201.5837049484253,205.53372383117676,218.7005009651184,226.60019898414612,230.5503008365631,237.142019033432,243.72524404525757,256.89176893234253,274.016881942749,289.81670689582825,293.7667398452759,302.99169397354126,308.2583270072937,320.108197927475,325.3748948574066,335.91636991500854,341.18337392807007,345.13310194015503,353.03304290771484,356.98316192626953,363.57463693618774,368.8412718772888,374.10800790786743,382.0079369544983,392.54107093811035,397.8161189556122,408.349436044693,420.1994459629059,425.4743478298187
122.56749391555786,126.51746082305908,134.41736102104187,138.3757519721985,142.325749874115,148.90900683403015,163.39254903793335,169.98388504981995,179.2005639076233,197.633887052536,201.5920569896698,205.54214787483215,218.7087960243225,226.6086528301239,230.55860805511475,237.15023589134216,243.73360800743103,256.90016984939575,274.02521300315857,289.8250939846039,293.77503085136414,302.99993085861206,308.26664686203003,320.11657881736755,325.38316798210144,335.92528891563416,341.1914219856262,345.1414020061493,353.0413670539856,356.99141788482666,363.5829520225525,368.8495888710022,374.1163070201874,382.01624298095703,392.5494420528412,397.82445001602173,408.3578088283539,420.2077729701996,425.48280692100525
122.57584595680237,126.52578902244568,134.42577004432678,138.38410687446594,142.33408999443054,148.91736602783203,163.4008388519287,169.9922318458557,179.20888900756836,197.64206099510193,201.60037899017334,205.55036902427673,218.71715784072876,226.6168990135193,230.566978931427,237.15858101844788,243.7419650554657,256.90847396850586,274.03357887268066,289.8332920074463,293.78331089019775,303.00828099250793,308.2748818397522,320.1251599788666,325.3914580345154,335.9330379962921,341.19973397254944,345.1497550010681,353.04972195625305,356.99967098236084,363.59130692481995,368.85793590545654,374.12469387054443,382.0246570110321,392.5577359199524,397.83280396461487,408.3661918640137,420.21602487564087,425.4910328388214
122.58415699005127,126.53412294387817,134.43412804603577,138.392413854599,142.3424038887024,148.9256739616394,163.40920400619507,170.00054287910461,179.21724581718445,197.65039896965027,201.608726978302,205.5587329864502,218.7255790233612,226.62534284591675,230.5753049850464,237.16692805290222,243.75021195411682,256.91681694984436,274.04187083244324,289.8417549133301,293.79162096977234,303.01660799980164,308.2833499908447,320.13331604003906,325.39985704421997,335.9413878917694,341.20802903175354,345.1581349372864,353.05811285972595,357.00813388824463,363.59966492652893,368.86631989479065,374.13300585746765,382.0329029560089,392.5661120414734,397.8411159515381,408.37457489967346,420.224436044693,425.49938702583313
122.59248900413513,126.54244184494019,134.44242882728577,138.40076303482056,142.3507740497589,148.9340169429779,163.41754484176636,170.00887894630432,179.22556400299072,197.6587109565735,201.61713004112244,205.56703782081604,218.7338409423828,226.63362789154053,230.58353304862976,237.17537593841553,243.75868797302246,256.92515683174133,274.05023097991943,289.84995794296265,293.8000030517578,303.02496886253357,308.29154205322266,320.1415069103241,325.4081928730011,335.9502708911896,341.21638798713684,345.1663999557495,353.06637501716614,357.0164430141449,363.60794496536255,368.8746988773346,374.14142298698425,382.0412428379059,392.57446098327637,397.84947896003723,408.3827660083771,420.23281693458557,425.5078339576721
122.60082697868347,126.55075192451477,134.45074486732483,138.40908193588257,142.3590488433838,148.9423439502716,163.42587995529175,170.01719689369202,179.23386096954346,197.6670639514923,201.62539792060852,205.57538390159607,218.7422070503235,226.6418399810791,230.59194087982178,237.18364691734314,243.7668879032135,256.93346095085144,274.05855083465576,289.8583948612213,293.8083498477936,303.0332570075989,308.29990696907043,320.1499619483948,325.41650104522705,335.9581129550934,341.2246959209442,345.17471194267273,353.0748038291931,357.0247919559479,363.61630392074585,368.8829679489136,374.1495988368988,382.04958391189575,392.5827808380127,397.8577558994293,408.3911180496216,420.2409818172455,425.51604890823364
122.60916805267334,126.55910682678223,134.45907592773438,138.41737699508667,142.36743593215942,148.95070600509644,163.43417501449585,170.0256688594818,179.24221181869507,197.67548489570618,201.63374185562134,205.5837209224701,218.75049591064453,226.65028405189514,230.60024499893188,237.191987991333,243.77522087097168,256.94190788269043,274.06693291664124,289.86675095558167,293.81665992736816,303.04168796539307,308.30841088294983,320.1581618785858,325.4248239994049,335.9663758277893,341.2331600189209,345.1831669807434,353.08312487602234,357.03299498558044,363.62463998794556,368.89131593704224,374.1580078601837,382.0578999519348,392.5911989212036,397.86612582206726,408.39950799942017,420.2493510246277,425.5243170261383
122.61747598648071,126.56740093231201,134.46745800971985,138.42576384544373,142.37569999694824,148.95902490615845,163.44254994392395,170.03387904167175,179.2505099773407,197.68374800682068,201.64202690124512,205.59206295013428,218.75888991355896,226.65851283073425,230.60856699943542,237.2001769542694,243.78348302841187,256.9502408504486,274.0752420425415,289.87498688697815,293.8249888420105,303.04990100860596,308.31656789779663,320.1664688587189,325.43317198753357,335.9752609729767,341.24140191078186,345.19139099121094,353.0914659500122,357.04140305519104,363.63300585746765,368.8997058868408,374.1662509441376,382.0662360191345,392.5994689464569,397.874440908432,408.40780091285706,420.2578649520874,425.5327708721161
122.62580895423889,126.57579803466797,134.47575688362122,138.43405485153198,142.38405084609985,148.9673719406128,163.45087599754333,170.04221081733704,179.25890493392944,197.69217896461487,201.65042090415955,205.60033988952637,218.76716804504395,226.6669318675995,230.6170129776001,237.20853996276855,243.79196095466614,256.9584548473358,274.08374094963074,289.883416891098,293.8333399295807,303.0582790374756,308.324914932251,320.1749289035797,325.4414908885956,335.98303604125977,341.2497239112854,345.1998038291931,353.0998749732971,357.0496778488159,363.6413960456848,368.90799283981323,374.1745488643646,382.07456493377686,392.60842204093933,397.882798910141,408.4160678386688,420.26604294776917,425.5410809516907
122.63418102264404,126.58413505554199,134.48408603668213,138.44242691993713,142.39236903190613,148.97564101219177,163.459223985672,170.0504858493805,179.26724696159363,197.70044898986816,201.65871000289917,205.6087248325348,218.77555203437805,226.6752278804779,230.625305891037,237.2169589996338,243.80019283294678,256.96679282188416,274.09187388420105,289.8916919231415,293.8416578769684,303.066645860672,308.3332450389862,320.183305978775,325.4498128890991,335.99136996269226,341.2580888271332,345.2081320285797,353.1081039905548,357.0581488609314,363.64960503578186,368.91637682914734,374.1830189228058,382.08288288116455,392.6160988807678,397.8911130428314,408.4244420528412,420.2744629383087,425.5493948459625
122.6425108909607,126.5924379825592,134.49235892295837,138.45072984695435,142.4007420539856,148.9839859008789,163.4675588607788,170.05887484550476,179.27555394172668,197.70874786376953,201.66707301139832,205.6170048713684,218.78384494781494,226.68361592292786,230.6335790157318,237.22523498535156,243.80852484703064,256.975222826004,274.1002390384674,289.90000104904175,293.85000586509705,303.07494282722473,308.34160900115967,320.19151186943054,325.4581699371338,335.99975991249084,341.26639795303345,345.21641182899475,353.11636996269226,357.066349029541,363.65800189971924,368.9247088432312,374.19130086898804,382.0912518501282,392.6244740486145,397.8995978832245,408.4328520298004,420.2828278541565,425.5577118396759
122.65083193778992,126.6007878780365,134.5007529258728,138.4591109752655,142.4090440273285,148.9922959804535,163.47588205337524,170.06716585159302,179.2839059829712,197.71707391738892,201.6754560470581,205.6253628730774,218.79223895072937,226.6919219493866,230.6419529914856,237.23362588882446,243.81699204444885,256.98343086242676,274.1086390018463,289.90831303596497,293.85830903053284,303.083340883255,308.3499848842621,320.19987297058105,325.46655082702637,336.00806188583374,341.27483081817627,345.22475600242615,353.1247990131378,357.07467794418335,363.666307926178,368.9329149723053,374.1996099948883,382.0996530056,392.6327488422394,397.90781903266907,408.4411029815674,420.2910258769989,425.5660400390625
122.65915989875793,126.60913896560669,134.5090229511261,138.46740794181824,142.41742992401123,149.00067687034607,163.4842278957367,170.0755319595337,179.29223084449768,197.72559189796448,201.68372702598572,205.63377785682678,218.80048084259033,226.70026397705078,230.6503529548645,237.24198698997498,243.82520604133606,256.9918010234833,274.1169128417969,289.9167048931122,293.8666670322418,303.0916328430176,308.3582589626312,320.20817494392395,325.47482895851135,336.0163879394531,341.2830879688263,345.23312401771545,353.1331388950348,357.0831558704376,363.6746549606323,368.9414210319519,374.2079589366913,382.1079490184784,392.6410720348358,397.9162349700928,408.4494550228119,420.2994508743286,425.574511051178
122.66749501228333,126.6174578666687,134.5174059867859,138.47576189041138,142.42574286460876,149.00900387763977,163.49253582954407,170.08388090133667,179.30062985420227,197.73375988006592,201.6920599937439,205.64204788208008,218.80882787704468,226.70875191688538,230.65857100486755,237.25021886825562,243.83351397514343,257.000118970871,274.1252899169922,289.9250888824463,293.8750569820404,303.1000099182129,308.36654782295227,320.2165160179138,325.48315596580505,336.02526903152466,341.2913899421692,345.2413139343262,353.1413278579712,357.09137082099915,363.6830589771271,368.94958901405334,374.21625089645386,382.11624693870544,392.649405002594,397.9245140552521,408.4578468799591,420.3078339099884,425.5827159881592
122.67587304115295,126.62583804130554,134.52580285072327,138.48407292366028,142.43407201766968,149.0174000263214,163.5009150505066,170.09221982955933,179.30889081954956,197.74207186698914,201.70039892196655,205.6504578590393,218.81718397140503,226.71689200401306,230.66694402694702,237.25862789154053,243.84189891815186,257.0084619522095,274.133663892746,289.9333279132843,293.8833038806915,303.10834884643555,308.37491488456726,320.2249279022217,325.49159693717957,336.0330548286438,341.2997748851776,345.2498059272766,353.14971899986267,357.0997529029846,363.6913058757782,368.95794582366943,374.22468304634094,382.12466382980347,392.6577830314636,397.9328279495239,408.46613693237305,420.31602001190186,425.59102487564087
122.6841549873352,126.63414287567139,134.53412199020386,138.49239802360535,142.44240593910217,149.02570390701294,163.50924396514893,170.10054183006287,179.31724190711975,197.7504060268402,201.70873093605042,205.65871787071228,218.82555985450745,226.72529101371765,230.67532587051392,237.26700687408447,243.85020399093628,257.0168058872223,274.14188599586487,289.94162583351135,293.89170598983765,303.1165978908539,308.3831899166107,320.23318791389465,325.4998290538788,336.0413749217987,341.30816102027893,345.2581629753113,353.1580979824066,357.1081328392029,363.6999168395996,368.9663739204407,374.2329590320587,382.1329188346863,392.66607904434204,397.94122099876404,408.47443294525146,420.32436084747314,425.59935188293457
122.69248700141907,126.642422914505,134.5424189567566,138.50077104568481,142.45075392723083,149.034019947052,163.51759600639343,170.10887002944946,179.32550692558289,197.75876784324646,201.71713185310364,205.66703486442566,218.83394384384155,226.7335488796234,230.6835858821869,237.2752230167389,243.8585958480835,257.0252380371094,274.15024185180664,289.95012283325195,293.90004897117615,303.12493681907654,308.3916919231415,320.241446018219,325.50816893577576,336.0497839450836,341.31638193130493,345.2663788795471,353.1663730144501,357.1164300441742,363.70798993110657,368.9746630191803,374.24126386642456,382.14123797416687,392.67441987991333,397.9494459629059,408.48288083076477,420.3327958583832,425.6077718734741
122.70078301429749,126.65082383155823,134.55077004432678,138.50902390480042,142.4590928554535,149.04236388206482,163.52593684196472,170.11725401878357,179.33388686180115,197.76703786849976,201.72542190551758,205.67534589767456,218.8422360420227,226.741938829422,230.69191098213196,237.28357481956482,243.8669798374176,257.03358793258667,274.1585819721222,289.9583508968353,293.9083240032196,303.1332800388336,308.39990186691284,320.2498438358307,325.5165538787842,336.05802488327026,341.32474184036255,345.27473282814026,353.1748399734497,357.1247248649597,363.71634888648987,368.9830298423767,374.2495620250702,382.14956283569336,392.68280696868896,397.9578218460083,408.491103887558,420.3410379886627,425.6159780025482
122.7091908454895,126.65910196304321,134.55910682678223,138.51741790771484,142.4673638343811,149.050705909729,163.5342628955841,170.1255669593811,179.34215903282166,197.7755148410797,201.73373198509216,205.68370699882507,218.85057187080383,226.75034594535828,230.70041799545288,237.29189491271973,243.87518095970154,257.0418689250946,274.1669490337372,289.9666829109192,293.9166488647461,303.1416959762573,308.40826082229614,320.25811100006104,325.52485489845276,336.06640696525574,341.33308601379395,345.28313398361206,353.18309688568115,357.13315987586975,363.7247610092163,368.9913640022278,374.25792503356934,382.15799498558044,392.69109582901,397.9661099910736,408.4995000362396,420.3493928909302,425.6243619918823
122.71746182441711,126.66746091842651,134.56739687919617,138.52570986747742,142.47574305534363,149.05903387069702,163.54261684417725,170.13388395309448,179.35055303573608,197.7837369441986,201.7421019077301,205.6919858455658,218.85894393920898,226.7586269378662,230.7086000442505,237.30023097991943,243.88352394104004,257.0502219200134,274.1752579212189,289.97511291503906,293.92496490478516,303.14995288848877,308.41661190986633,320.26650881767273,325.533185005188,336.0747220516205,341.3413908481598,345.29137897491455,353.1914339065552,357.1413609981537,363.73305892944336,368.9997808933258,374.2663109302521,382.1662518978119,392.6994650363922,397.9744539260864,408.5078229904175,420.3578269481659,425.632807970047
122.725821018219,126.67582988739014,134.5757658481598,138.53407502174377,142.4840190410614,149.06735801696777,163.550940990448,170.14216089248657,179.35889101028442,197.79214191436768,201.75038290023804,205.70035791397095,218.8672559261322,226.7669060230255,230.71703696250916,237.30850887298584,243.8919129371643,257.05841994285583,274.18365502357483,289.9834020137787,293.9333920478821,303.1582498550415,308.42494082450867,320.27494192123413,325.54148602485657,336.08306789398193,341.3497190475464,345.29980087280273,353.1997809410095,357.14978098869324,363.74137783050537,369.0079548358917,374.2746229171753,382.17464900016785,392.7077889442444,397.9829089641571,408.51618790626526,420.3660910129547,425.64112281799316
122.73422002792358,126.68413996696472,134.58404302597046,138.54237985610962,142.49240803718567,149.0757179260254,163.55927681922913,170.15056204795837,179.36721181869507,197.80058598518372,201.75871992111206,205.7086479663849,218.8755328655243,226.77528595924377,230.72527885437012,237.3170030117035,243.90023493766785,257.06682801246643,274.1918840408325,289.9916579723358,293.9416489601135,303.16670203208923,308.4333188533783,320.2831690311432,325.54994082450867,336.09133195877075,341.35808396339417,345.3081359863281,353.2081160545349,357.15813088417053,363.74971985816956,369.0164189338684,374.2829818725586,382.18292689323425,392.71608901023865,397.9911458492279,408.5243990421295,420.374449968338,425.6493499279022
122.74251103401184,126.6924958229065,134.5924379825592,138.55075883865356,142.5007359981537,149.08397698402405,163.56758499145508,170.15885186195374,179.37557101249695,197.80875992774963,201.76702690124512,205.71703004837036,218.88392186164856,226.78362798690796,230.73357701301575,237.32522201538086,243.90854787826538,257.07518696784973,274.200227022171,290.0001118183136,293.9500799179077,303.1750090122223,308.441654920578,320.29149889945984,325.55814003944397,336.0997898578644,341.3663969039917,345.31633591651917,353.2163300514221,357.16635489463806,363.7580668926239,369.02459502220154,374.2913489341736,382.19127798080444,392.72437596321106,397.99945402145386,408.53284096717834,420.38293504714966,425.6576678752899
122.75082087516785,126.70081686973572,134.60075902938843,138.55909204483032,142.50904488563538,149.09235382080078,163.57594394683838,170.16719889640808,179.383887052536,197.81706500053406,201.77542304992676,205.72538495063782,218.89224290847778,226.79188585281372,230.74194288253784,237.33356285095215,243.91694903373718,257.08348989486694,274.2085928916931,290.0083968639374,293.958379983902,303.18328189849854,308.4499168395996,320.29994082450867,325.5665090084076,336.1080369949341,341.3747169971466,345.32470703125,353.2246928215027,357.17468786239624,363.7663300037384,369.0330219268799,374.2996828556061,382.1997158527374,392.73280000686646,398.0078270435333,408.5411310195923,420.39104890823364,425.6660008430481
122.75915384292603,126.70919990539551,134.60909795761108,138.56741499900818,142.51743292808533,149.10063004493713,163.5842490196228,170.17561888694763,179.3922188282013,197.8255100250244,201.78372383117676,205.7336928844452,218.90057802200317,226.80030393600464,230.75027585029602,237.34198188781738,243.92523002624512,257.09181094169617,274.2168998718262,290.01662588119507,293.9667179584503,303.19168996810913,308.4582140445709,320.3081958293915,325.5748670101166,336.11637592315674,341.38308787345886,345.33310985565186,353.23302602767944,357.1831500530243,363.77464294433594,369.04135394096375,374.3079559803009,382.20789098739624,392.7410728931427,398.0162229537964,408.54942893981934,420.39947485923767,425.6742980480194
122.76754999160767,126.71746802330017,134.6174168586731,138.57579684257507,142.52575397491455,149.10900688171387,163.59262204170227,170.18387985229492,179.40055394172668,197.83374094963074,201.79214596748352,205.7420630455017,218.90890383720398,226.80854082107544,230.75858402252197,237.35021090507507,243.93354487419128,257.10022592544556,274.2252449989319,290.02510499954224,293.9749548435211,303.19994282722473,308.4666910171509,320.31656789779663,325.5832259654999,336.124794960022,341.3913779258728,345.3413679599762,353.24136900901794,357.19143199920654,363.7829668521881,369.0496258735657,374.3164048194885,382.216295003891,392.74943685531616,398.0244560241699,408.55777287483215,420.40779995918274,425.68270087242126
122.77581882476807,126.72583293914795,134.62576293945312,138.58407282829285,142.53407096862793,149.11735892295837,163.60096096992493,170.19220685958862,179.40889191627502,197.84205198287964,201.80044293403625,205.7503399848938,218.91725397109985,226.81696486473083,230.76690196990967,237.35858798027039,243.94198083877563,257.1084740161896,274.23361682891846,290.03338503837585,293.9833810329437,303.20833802223206,308.4748589992523,320.32484793663025,325.5914988517761,336.1330289840698,341.39973282814026,345.34974098205566,353.24982595443726,357.19975996017456,363.7914299964905,369.05800795555115,374.32455801963806,382.22457790374756,392.7578299045563,398.0328209400177,408.5661070346832,420.4160490036011,425.6910059452057
122.78414297103882,126.73412799835205,134.63409304618835,138.59243083000183,142.54240202903748,149.1256799697876,163.6092870235443,170.2005410194397,179.41717386245728,197.85051894187927,201.80872893333435,205.75870895385742,218.92561388015747,226.8252890110016,230.7752709388733,237.36692595481873,243.95023202896118,257.1168088912964,274.2419240474701,290.04165482521057,293.99166989326477,303.21669483184814,308.48324394226074,320.33311700820923,325.59991002082825,336.14197397232056,341.4080159664154,345.35813093185425,353.25804591178894,357.2081470489502,363.7996599674225,369.0663888454437,374.3329658508301,382.2329978942871,392.76610684394836,398.04108786582947,408.5745539665222,420.42434096336365,425.69946002960205
122.79243588447571,126.74246096611023,134.64242386817932,138.60071301460266,142.5507469177246,149.13402485847473,163.61763882637024,170.20894598960876,179.42556500434875,197.85871386528015,201.8170838356018,205.76711797714233,218.93394589424133,226.8336799144745,230.78363394737244,237.37522983551025,243.95863103866577,257.1252360343933,274.2502658367157,290.0501148700714,294.0000898838043,303.2250518798828,308.49169397354126,320.3415620326996,325.6081659793854,336.14981389045715,341.41641187667847,345.36646795272827,353.2665328979492,357.2163920402527,363.80807185173035,369.0746259689331,374.3414168357849,382.241250038147,392.77454686164856,398.0494649410248,408.5828068256378,420.43279504776,425.70771503448486
122.8008680343628,126.75079393386841,134.65081691741943,138.60907196998596,142.55902791023254,149.14237689971924,163.62597799301147,170.2172248363495,179.4338710308075,197.8671419620514,201.8254120349884,205.77540683746338,218.942284822464,226.8418459892273,230.79196190834045,237.3835289478302,243.96692085266113,257.1334629058838,274.2586808204651,290.0584008693695,294.00840187072754,303.23323798179626,308.49993205070496,320.34982800483704,325.61648893356323,336.1580400466919,341.4247410297394,345.3747978210449,353.2748079299927,357.22476983070374,363.8162839412689,369.08294892311096,374.3496129512787,382.2496519088745,392.78279995918274,398.0577688217163,408.59110403060913,420.4410209655762,425.7160358428955
122.80914902687073,126.75913500785828,134.659108877182,138.6173858642578,142.5674078464508,149.15070295333862,163.6342568397522,170.2255358695984,179.4422218799591,197.87549686431885,201.83390498161316,205.7836949825287,218.95060992240906,226.85033202171326,230.80030798912048,237.3919358253479,243.97520184516907,257.1417739391327,274.26694083213806,290.06667590141296,294.01666498184204,303.24166989326477,308.5082619190216,320.35816383361816,325.6249840259552,336.16631293296814,341.43309783935547,345.3832130432129,353.2831289768219,357.2330279350281,363.8247969150543,369.09148693084717,374.35792088508606,382.2578549385071,392.7911009788513,398.0661120414734,408.5993959903717,420.44945788383484,425.7242958545685
122.81750702857971,126.76748085021973,134.66742491722107,138.62575793266296,142.5757110118866,149.1589870452881,163.64263582229614,170.2338399887085,179.45058298110962,197.88375687599182,201.84205794334412,205.79211401939392,218.95893597602844,226.85854697227478,230.80858492851257,237.4001989364624,243.98348784446716,257.1500999927521,274.27527594566345,290.07510685920715,294.02498292922974,303.2499759197235,308.5166528224945,320.3665769100189,325.63316893577576,336.17476987838745,341.4413959980011,345.3913719654083,353.29138684272766,357.24132895469666,363.8328969478607,369.09960103034973,374.3662669658661,382.2662148475647,392.7994599342346,398.0745780467987,408.6077950000763,420.45767092704773,425.7326579093933
122.82581901550293,126.77581095695496,134.67572402954102,138.6340548992157,142.58405303955078,149.16735982894897,163.65097284317017,170.24219393730164,179.45888686180115,197.89206290245056,201.85053300857544,205.80036401748657,218.9672248363495,226.8669409751892,230.8170449733734,237.40856194496155,243.99193000793457,257.1584289073944,274.28360986709595,290.0834000110626,294.03330183029175,303.2582778930664,308.52490997314453,320.3749289512634,325.6416368484497,336.182981967926,341.44971990585327,345.39979100227356,353.2998208999634,357.24976086616516,363.8413128852844,369.10794496536255,374.3746030330658,382.274582862854,392.80778789520264,398.0828559398651,408.6161549091339,420.46601390838623,425.7410898208618
122.83416604995728,126.78413796424866,134.68411684036255,138.6424160003662,142.59237694740295,149.1756408214569,163.65926098823547,170.25048685073853,179.46721482276917,197.90039992332458,201.85869598388672,205.80874490737915,218.9755859375,226.87538886070251,230.82526087760925,237.41698002815247,244.00020694732666,257.16681599617004,274.29189586639404,290.09162497520447,294.0417218208313,303.26659989356995,308.5332498550415,320.38319182395935,325.64980697631836,336.19134497642517,341.4580788612366,345.40809988975525,353.3080680370331,357.258043050766,363.84975600242615,369.1163969039917,374.38298082351685,382.2829179763794,392.81608486175537,398.091166973114,408.62454104423523,420.4745008945465,425.7493510246277
122.84248995780945,126.7924530506134,134.69237899780273,138.6507740020752,142.60074496269226,149.18401885032654,163.66763281822205,170.25887298583984,179.4755380153656,197.9088318347931,201.86704897880554,205.81719994544983,218.98389983177185,226.88354182243347,230.8336169719696,237.4252119064331,244.00852394104004,257.17520904541016,274.3002688884735,290.10010290145874,294.0500838756561,303.27501797676086,308.5415849685669,320.39146995544434,325.65817284584045,336.1997768878937,341.4664030075073,345.41636395454407,353.3163628578186,357.26634883880615,363.8580539226532,369.1245939731598,374.3914089202881,382.29129099845886,392.8244478702545,398.09956789016724,408.63284492492676,420.48279094696045,425.7576529979706
122.85082387924194,126.80084085464478,134.70077395439148,138.65907096862793,142.60906600952148,149.1923270225525,163.67593383789062,170.26719498634338,179.4838948249817,197.91705799102783,201.8754768371582,205.82539987564087,218.99228596687317,226.89194989204407,230.84201383590698,237.43354892730713,244.0169608592987,257.1834328174591,274.3086359500885,290.10832500457764,294.05838084220886,303.2833399772644,308.54996395111084,320.39998602867126,325.66653084754944,336.2080008983612,341.4747178554535,345.4247798919678,353.32469487190247,357.27475690841675,363.8663959503174,369.13288402557373,374.3996150493622,382.29970502853394,392.8327429294586,398.1078109741211,408.64119386672974,420.49103903770447,425.76609086990356
122.85915803909302,126.80915784835815,134.7091419696808,138.66743302345276,142.61740589141846,149.20069193840027,163.68432188034058,170.27553701400757,179.49223589897156,197.9253978729248,201.88372993469238,205.83374190330505,219.00057291984558,226.9004189968109,230.85040283203125,237.44192600250244,244.0251898765564,257.1917839050293,274.31693983078003,290.1166808605194,294.06669187545776,303.2916178703308,308.5582609176636,320.4081840515137,325.67483592033386,336.2163419723511,341.4830780029297,345.4330840110779,353.33309388160706,357.28320693969727,363.87479400634766,369.14136004447937,374.4079818725586,382.3079948425293,392.8410999774933,398.11621499061584,408.6494438648224,420.4994258880615,425.77445697784424
122.86746883392334,126.81746292114258,134.7174198627472,138.67579197883606,142.62577104568481,149.2090289592743,163.69277095794678,170.28388690948486,179.50056195259094,197.93372702598572,201.89207100868225,205.84212398529053,219.00895500183105,226.90854382514954,230.85856103897095,237.45024299621582,244.0335350036621,257.2002398967743,274.32526993751526,290.12507700920105,294.0750050544739,303.299929857254,308.5665829181671,320.41650390625,325.683287858963,336.22478199005127,341.49139285087585,345.4413800239563,353.3413758277893,357.2914168834686,363.88297390937805,369.1495909690857,374.4163730144501,382.31622886657715,392.84943985939026,398.1244649887085,408.6578629016876,420.5078389644623,425.7826509475708
122.87582087516785,126.82576489448547,134.7257640361786,138.68411588668823,142.6340889930725,149.21737694740295,163.70100688934326,170.29220986366272,179.50886392593384,197.94210195541382,201.90040588378906,205.85040187835693,219.01728296279907,226.91692185401917,230.8670129776001,237.45854091644287,244.0419249534607,257.20843482017517,274.3336899280548,290.13343501091003,294.08326482772827,303.30829787254333,308.5748870372772,320.4249188899994,325.6915888786316,336.2331368923187,341.4997968673706,345.44970703125,353.3497619628906,357.29975986480713,363.89131903648376,369.157949924469,374.42460203170776,382.3246569633484,392.85775899887085,398.1327688694,408.6661858558655,420.51601791381836,425.79099583625793
122.88412094116211,126.83416104316711,134.73408699035645,138.6923758983612,142.64246892929077,149.22567582130432,163.70932698249817,170.3005609512329,179.51724886894226,197.9504759311676,201.90875601768494,205.8587589263916,219.0256199836731,226.9252908229828,230.87531304359436,237.46692490577698,244.05027890205383,257.2169270515442,274.34196496009827,290.1417758464813,294.09165692329407,303.3166048526764,308.5832350254059,320.43326592445374,325.6998610496521,336.2413709163666,341.50808095932007,345.458135843277,353.3581008911133,357.3080258369446,363.89964389801025,369.1664628982544,374.4329149723053,382.3329060077667,392.8661048412323,398.1411190032959,408.6744170188904,420.52439999580383,425.7993369102478
122.8924720287323,126.84241890907288,134.74243187904358,138.70076203346252,142.65074586868286,149.23402500152588,163.7176389694214,170.3089029788971,179.52548789978027,197.95876097679138,201.9170858860016,205.86711287498474,219.03393483161926,226.9335720539093,230.88356590270996,237.47520899772644,244.05856490135193,257.2252199649811,274.35029697418213,290.1501100063324,294.1000180244446,303.32499384880066,308.5915639400482,320.4414818286896,325.70818305015564,336.24967885017395,341.5163679122925,345.46637201309204,353.3663718700409,357.3163549900055,363.90793085098267,369.17459893226624,374.4414210319519,382.3413028717041,392.874459028244,398.1494228839874,408.6828439235687,420.5327160358429,425.8076629638672
122.90080690383911,126.85081481933594,134.7507448196411,138.70906686782837,142.65906882286072,149.24235892295837,163.72603297233582,170.3172218799591,179.53388500213623,197.96705293655396,201.92543196678162,205.8753650188446,219.04227089881897,226.94194984436035,230.8919620513916,237.48353385925293,244.06692790985107,257.2334358692169,274.3586540222168,290.15833497047424,294.10833287239075,303.33325600624084,308.59999895095825,320.44991397857666,325.71653389930725,336.2579970359802,341.52471899986267,345.47487902641296,353.37487292289734,357.3247208595276,363.9163110256195,369.18292784690857,374.4496009349823,382.34960889816284,392.8829689025879,398.15780901908875,408.69115591049194,420.5410189628601,425.81605792045593
122.90918302536011,126.8591320514679,134.7591359615326,138.7174470424652,142.66736602783203,149.25063800811768,163.73427987098694,170.32549691200256,179.5422089099884,197.97548604011536,201.9337329864502,205.8837399482727,219.05061101913452,226.95030903816223,230.90027499198914,237.49193692207336,244.07515001296997,257.2417449951172,274.3669719696045,290.1666810512543,294.11671590805054,303.3416450023651,308.60832500457764,320.4581608772278,325.72485995292664,336.26635003089905,341.53309392929077,345.48316192626953,353.38303995132446,357.3331370353699,363.92460799217224,369.19138288497925,374.45794200897217,382.3579640388489,392.8911018371582,398.1661398410797,408.6994318962097,420.54945182800293,425.82432985305786
122.91747784614563,126.86747288703918,134.76738095283508,138.72579193115234,142.67575693130493,149.2590479850769,163.74266982078552,170.33387899398804,179.5505440235138,197.9837429523468,201.94204998016357,205.8920328617096,219.05890583992004,226.9585919380188,230.90858387947083,237.50026893615723,244.08361983299255,257.2502369880676,274.3752808570862,290.1750998497009,294.1250100135803,303.35001492500305,308.61670899391174,320.46647691726685,325.7331600189209,336.2746238708496,341.5413658618927,345.4913649559021,353.39137983322144,357.3413188457489,363.9329719543457,369.19958996772766,374.466472864151,382.3662919998169,392.89944195747375,398.17452001571655,408.7077398300171,420.5576648712158,425.8326539993286
122.92582893371582,126.87581586837769,134.77575397491455,138.7340648174286,142.68401885032654,149.26731395721436,163.7509479522705,170.34218883514404,179.55887389183044,197.99206686019897,201.95043396949768,205.90040802955627,219.06726598739624,226.9669418334961,230.91693902015686,237.50854086875916,244.09200882911682,257.25838899612427,274.38364601135254,290.1833989620209,294.1333179473877,303.3583450317383,308.62496399879456,320.4749529361725,325.74153900146484,336.2830238342285,341.549724817276,345.49970293045044,353.39976501464844,357.34970903396606,363.9413080215454,369.2079768180847,374.4747040271759,382.3746328353882,392.90775299072266,398.18282890319824,408.71612191200256,420.5661029815674,425.8410978317261
122.934161901474,126.8841438293457,134.78412985801697,138.74247097969055,142.6924068927765,149.27569794654846,163.7592990398407,170.3505458831787,179.567214012146,198.00052189826965,201.95872402191162,205.9087679386139,219.0755898952484,226.97538805007935,230.92537593841553,237.5169279575348,244.10031390190125,257.2668080329895,274.39196491241455,290.19165897369385,294.1416609287262,303.36672282218933,308.6332528591156,320.48315596580505,325.7499449253082,336.2913670539856,341.5581109523773,345.5080828666687,353.4081070423126,357.35813999176025,363.94980788230896,369.21629786491394,374.4829659461975,382.38296699523926,392.9160840511322,398.1911509037018,408.7244999408722,420.57444286346436,425.8493330478668
